{"training_loss": [713963.7885475161, 67299.27305541039, 99259.3757021904, 87926.4358114109, 49601.82023477149, 2997414.024923752, 2885954.3084688922, 109058.72537707117, 2817327.300052115, 2712640.004147454], "training_reward": [-1525.6246890528023, -1525.6246890528023, -1525.6246890528023, -1525.6246890528023, -1525.6246890528023, -1525.6246890528023, -1525.6246890528023, -1525.6246890528023, -1525.6246890528023, -1525.6246890528023]}