{
  "training_loss": [
    191776227581.76645,
    11411481633.643915,
    279068372776.0904,
    77107584462.819,
    5176337917.550131,
    163973153962.25824,
    94501017589.32364,
    222143344202.1163,
    58064787811.214165,
    1427104718.3886547,
    244018962904.0263,
    93038306098.15712,
    285567805351.1534,
    43925090924.756195,
    99778437601.70454,
    6016100918.293994,
    46434199065.21586,
    4341225877.1770735,
    293248303.48109275,
    7013206339.681131
  ],
  "training_reward": [
    -1481211.657782941,
    -1543801.72673133,
    -1236540.9027502658,
    -2053538.2802027501,
    -1127520.6958709108,
    -984129.9896809874,
    -1154292.9378924142,
    -1126278.9524757524,
    -1985350.3564629992,
    -1335277.8734837952,
    -1096510.5355928566,
    -1612791.0892133308,
    -1172904.5420679473,
    -1720603.4638261085,
    -1166219.229883011,
    -1915902.0484983453,
    -1892013.6156828527,
    -2300952.7467508027,
    -1802836.1507840666,
    -1505474.4051352781
  ],
  "final_reward": [
    -677585.4086591552,
    -33587.6017936766,
    -25077.332677402865,
    -2301799.7950959937,
    -28134.981234739764,
    -26828.295585445656,
    -30485.957353046873,
    -26472.836651037727,
    -2048298.9340212953,
    -41542.92249587997,
    -26393.32212271892,
    -32540.91296224166,
    -23951.573564356295,
    -30133.136524368594,
    -24512.964029506384,
    -2547479.0,
    -35640.006455426046,
    -1337888.4482413307,
    -2250125.6113062715,
    -27806.70573908265
  ],
  "collisions": [
    1169,
    886,
    491,
    1403,
    463,
    464,
    786,
    553,
    1444,
    1668,
    294,
    851,
    108,
    780,
    148,
    1433,
    1186,
    1628,
    1376,
    411
  ],
  "successful_episodes": [
    1,
    2,
    4,
    5,
    6,
    7,
    9,
    10,
    11,
    12,
    13,
    14,
    16,
    19
  ]
}