{
  "training_loss": [
    -1571.4252530158628,
    2991.832644117178,
    8628.20583530724,
    8307.701129483277,
    28442.22360056513,
    1046.200956418094,
    19078.056069693645,
    6259.686403238768,
    31329.881690793693,
    10571.334699800836
  ],
  "training_reward": [
    -1486.8164333758255,
    -1720.733689169193,
    -2396.596678395613,
    -1250.6872834585402,
    -1793.2160665424246,
    -2440.2893856395494,
    -1918.7399959088027,
    -149.33703504611594,
    -802.8492171366664,
    -343.3227513396548
  ],
  "successful_episodes": [
    7,
    8,
    9
  ]
}