{
  "training_loss": [
    -54.536734464866534,
    -50.94056108859262,
    -46.126406689407645,
    -40.94148294409612,
    -40.024121592930165,
    -38.01275091547185,
    -37.165286478219336,
    -33.02506584024825,
    -28.57838730663554,
    -23.698800000473096,
    -22.46737624118274,
    -21.955033913810965,
    -20.293966431690716,
    -17.326501505448853,
    -14.692556165137209,
    -13.750670546325754,
    -11.53020682544808,
    -10.434296722619262,
    -8.31765888020681,
    -6.064438407072407,
    -7.299840081829217,
    -6.669159399134323,
    -5.926370009803904,
    -6.001933764617459,
    -4.490377805799992,
    -5.5298893529941315,
    -5.035383576437993,
    -2.777174972886726,
    -3.431248495633795,
    -3.9273841380271923,
    -4.997341065125377,
    -4.282280557850632,
    -1.917229822996674,
    -4.459475648056647,
    -2.2312222736265994,
    -1.932552525608348,
    -3.223059610970679,
    -3.5782254525728217,
    -4.522455307336983,
    -2.078535631345872,
    -3.9031062737808546,
    -3.9061993628463587,
    -3.4573491421375793,
    -3.0541604595657104,
    -3.670145639096083,
    -4.3077516028499545,
    -3.5503593185843,
    -3.503001999683604,
    -4.136228044334068,
    -2.16001509829073,
    -3.1939762831728498,
    -3.6911311369254034,
    -3.481807918606621,
    -2.061499522417817,
    -3.7584418880942723,
    -0.2384407560534855,
    -2.6383306982087626,
    -3.8448866556685597,
    -3.8764951228680657,
    -3.647130118844445,
    -1.6684066772392683,
    -1.4637512003711721,
    0.6304586965931968,
    -3.6340019845628597,
    -2.9269693562545136,
    -1.096440170262851,
    -3.2171304809415817,
    -3.307566122582023,
    -3.5433610441046777,
    -4.123383693995222,
    -2.726673765216129,
    -3.3736715689165986,
    -3.237398574326072,
    -3.4552246985899115,
    -3.9830979676616267,
    -2.497077374046779,
    -3.9351155581599433,
    -5.2007678233981425,
    -4.187371758819415,
    -3.5038433300197567,
    -3.1729879443494684,
    -3.366283285335349,
    -3.5070560250226714,
    -3.3116999139723475,
    -3.702327498627791,
    -4.2368937446455295,
    -3.930860891287925,
    -4.570883935924216,
    -3.309258997453266,
    -3.6981214971880263,
    -4.460255132857135,
    -4.221717475727713,
    -2.7432192379912896,
    -2.4090748052146838,
    -4.52345707384727,
    -4.602809506470449,
    -3.9181786402020546,
    -3.577556898366166,
    -3.0744017976234255,
    -4.386831937250701
  ],
  "training_reward": [
    -0.27882220334395713,
    -0.4132566223267922,
    -0.38836312752493557,
    -0.15720161492695733,
    -0.22008964474153578,
    -0.1605313242092795,
    -0.30313250037486567,
    -0.262119065120889,
    -0.43523634493880814,
    -0.2257464891683438,
    -0.3088728491662718,
    -0.4407514695439784,
    -0.5594839709784256,
    -0.5523853292481704,
    -0.5113880708471918,
    -0.6726545266693698,
    -0.5680689838817413,
    -0.6030447903304319,
    -0.43662624120543597,
    -0.19809356143439733,
    -0.4326389723093345,
    -0.41422889911310234,
    -0.38934939150781833,
    -0.4811127524678982,
    -0.29011253165535444,
    -0.47505363184460636,
    -0.42532365700473895,
    -0.08978571489330353,
    -0.2081954836174235,
    -0.31483315009262913,
    -0.5204957446200331,
    -0.4320158768483286,
    -0.07848021313719265,
    -0.4866755676110547,
    -0.15717367941091676,
    -0.1206240202857209,
    -0.32489768358828564,
    -0.3933629199507824,
    -0.5530704153361508,
    -0.1769278594046631,
    -0.4609215360827136,
    -0.4700064454353903,
    -0.399668761725608,
    -0.34063090077315267,
    -0.4454462645367691,
    -0.5510996154561686,
    -0.43575004886593915,
    -0.42871772654346435,
    -0.5334345177486604,
    -0.22277701957333176,
    -0.38492038486914026,
    -0.4563237442365084,
    -0.43007580740468015,
    -0.20673605063313924,
    -0.47269891663397473,
    0.06653234362946865,
    -0.30228183067944914,
    -0.492139894702436,
    -0.4994681036948567,
    -0.4627041256215709,
    -0.15740205733956295,
    -0.12552627719544407,
    0.19441856555681644,
    -0.46426426602594895,
    -0.3482867139608339,
    -0.06902716800346013,
    -0.3979487640299468,
    -0.4129547409952132,
    -0.4484718050567683,
    -0.5395563392158491,
    -0.3225245459721441,
    -0.4234466193386708,
    -0.403697685967533,
    -0.4366592014338454,
    -0.5175798367589116,
    -0.28644448540559064,
    -0.51560226107493,
    -0.7147829973358814,
    -0.5490105394204365,
    -0.44412661283189986,
    -0.3981606497729794,
    -0.4229339385918626,
    -0.44228366490384363,
    -0.41337592254040656,
    -0.47573711190707807,
    -0.5544173078252632,
    -0.5117168000317592,
    -0.6144513354827305,
    -0.4086251319573624,
    -0.4739065943756125,
    -0.5951193069757976,
    -0.5598547574902729,
    -0.32707864800649034,
    -0.27127347318526035,
    -0.6028780959895467,
    -0.6207218900247913,
    -0.5088389886309571,
    -0.45619913148114977,
    -0.3785549955508772,
    -0.5801211085164103
  ],
  "final_reward": [
    0.9454707887103357,
    0.9589413274215906,
    0.9134562005286746,
    0.9825368289087173,
    0.9875882809254379,
    0.9737574494211421,
    0.9782574328770852,
    -0.5998629489463838,
    -0.6594494088355372,
    0.9504045941007571,
    0.9621986683872488,
    0.9480148970040552,
    -0.7759838209268418,
    -0.7546976623166111,
    -0.7697951658914965,
    -0.012905112189574575,
    -0.6615779397913718,
    -0.6741455418236588,
    -0.6286870231057102,
    0.9517869419597724,
    0.9638604269837243,
    -0.7384280352672078,
    0.8887724677482804,
    -0.7556043728444071,
    0.9453310833416053,
    0.9225149907537105,
    0.9684559983235357,
    0.9859559339855368,
    0.9583383884618073,
    -0.584131001643099,
    -0.7637974853022615,
    0.8922503961382497,
    0.9912573850831432,
    -0.7783876030024058,
    0.9365664096823176,
    0.9877868096073177,
    0.9180003014694802,
    0.8969489082760724,
    0.035026225000863054,
    0.9647574825092555,
    0.9003680133528922,
    0.9320958378829489,
    0.9513972375101563,
    0.9609339671545325,
    -0.6524958984127788,
    -0.7602390741516454,
    0.0324327071011985,
    0.9726912768703058,
    -0.7897103319473089,
    0.9734706857695377,
    -0.6224839973338271,
    0.9525884096014354,
    0.9514707666515931,
    0.9781103745942112,
    0.8941915654721857,
    0.9966470711504738,
    0.9078753386936078,
    -0.7099242168554403,
    -0.6827070600580502,
    -0.6037002487562158,
    0.9819927132620838,
    0.9592942673004881,
    0.997977948610483,
    0.09616174909571495,
    0.9190738269344598,
    0.9898015080826912,
    0.9574854504211383,
    0.8912356939864194,
    0.9360222940356837,
    0.8916401042643227,
    -0.748400200752678,
    -0.671084567901493,
    0.9178753019290371,
    -0.7777958378044941,
    0.9077650449814525,
    0.9731618633755024,
    -0.7829101168485502,
    -0.784421636469236,
    0.9298899636398394,
    0.8772063338002434,
    0.08696464428186856,
    0.8863239473384288,
    0.8919930441432202,
    -0.7586335407027871,
    -0.7619143713230246,
    0.8901254039507207,
    -0.6406816066889574,
    -0.7272012947715107,
    0.9694412888187911,
    -0.6322900846020556,
    -0.6635781786355615,
    -0.7879576466901909,
    -0.7219812457156034,
    0.9583089768052324,
    0.9241988080926176,
    -0.8009632283331412,
    -0.6364799970887274,
    -0.7767713250690143,
    0.963456016705821,
    0.8945150936945085
  ],