{
  "training_loss": [
    -98.41874694824219,
    -92.48222351074219,
    -68.54963684082031,
    -55.504451751708984,
    -89.21253967285156,
    -110.8724365234375,
    -96.54901885986328,
    -115.3371353149414,
    -106.57965850830078,
    -118.92293548583984,
    -263.0595703125,
    -140.59425354003906,
    -92.60929870605469,
    -71.89491271972656,
    -67.38838958740234,
    -66.53791046142578,
    -74.50419616699219,
    -78.19278717041016,
    -79.38518524169922,
    -81.4770278930664
  ],
  "training_reward": [
    0.5403125668474733,
    0.5053236532911309,
    0.3732230523215815,
    0.30127490905944976,
    0.4771417410748849,
    0.5874888776936081,
    0.5055991095643895,
    0.5957360371561194,
    0.5419707573734401,
    0.5690728610788767,
    0.7481960741918472,
    0.40265688541944894,
    0.26606200875331537,
    0.20719162958424434,
    0.19545596344496616,
    0.19221933043698466,
    0.21496658698059173,
    0.22546474077194337,
    0.22908567522372023,
    0.23435018099720142
  ],
  "final_reward": [
    0.09393528027158116,
    -0.2559581775313441,
    -0.3760284992541092,
    -0.23076805399269462,
    -0.22603794804338628,
    0.15549736550878435,
    0.10412747998351524,
    0.02973461969739244,
    0.010288772554701175,
    -0.2806112636283501,
    0.03221525203997899,
    -0.5134355167622029,
    -0.6816866941013753,
    -0.7492132392014335,
    -0.7623568541223206,
    -0.765982263603036,
    -0.7404707234461545,
    -0.7285878593629107,
    -0.7245156442233853,
    -0.7185458845183117
  ],
  "final_distance": [
    49.64948650860215,
    50.31152949374527,
    47.319961815842916,
    36.73025534840686,
    44.319823910372705,
    49.543794741096285,
    47.12015989205815,
    40.57122734891804,
    45.159054691057065,
    39.47581249096386,
    45.7355897627196,
    32.003481653472235,
    27.76649251163992,
    26.32212324621231,
    25.30125628977819,
    24.734182741379236,
    24.427317654766547,
    24.05470798302203,
    23.689712725572903,
    23.436430993370497
  ],
  "collisions": [
    904,
    1262,
    1388,
    1248,
    1237,
    841,
    896,
    978,
    994,
    1297,
    971,
    1541,
    1716,
    1786,
    1800,
    1804,
    1778,
    1766,
    1762,
    1756
  ],
  "successful_episodes": []
}