{
  "training_loss": [
    -277.5894930087207,
    -308.6276702766418,
    131.05217614872427,
    17.515373723257333,
    178.7906958613505
  ],
  "training_reward": [
    -0.9796581666355465,
    -123.74036028314856,
    -123.74036028314313,
    -123.74036028316078,
    -123.74036028315444
  ],
  "successful_episodes": []
}