{
  "training_loss": [
    -50.16426133966366,
    -44.8628095438769,
    -40.9636682272953,
    -35.28427669646712,
    -29.720704523974025,
    -28.56080891290624,
    -26.251768887408346,
    -24.106514654169082,
    -23.31075253806652,
    -22.202244327152627,
    -17.15781035992855,
    -14.473811071593564,
    -14.914722032170776,
    -13.051569171853425,
    -11.894616713204174,
    -12.46985389287174,
    -10.266093208783335,
    -8.92136362858008,
    -7.644876100904673,
    -6.878304213154789,
    -6.601337815839812,
    -6.7430722942431505,
    -4.713605924199642,
    -6.995583356711504,
    -5.869160343977005,
    -6.317056564716229,
    -4.72961830238358,
    -6.046744450869359,
    -3.979811373993482,
    -4.838936296412406,
    -4.089806311430912,
    -5.023847980205068,
    -1.249931682608637,
    -3.4032306208020926,
    -3.2985156779922833,
    -1.6012954853335246,
    -4.249704126220186,
    -2.0450366380601195,
    -3.3678298784102507,
    -2.836308467030941,
    -3.232176397454561,
    -1.8540138062482026,
    -2.6821338377999253,
    -2.827900941459214,
    -3.0208202204865553,
    -3.7572067247402656,
    -2.2942557249635795,
    -3.3341385966723505,
    -3.8463252347219576,
    -3.6778205146695298,
    -3.511476154439671,
    -4.28869352081863,
    -3.07605749337403,
    -3.8203848040473627,
    -1.471845736684786,
    -2.454984719998721,
    -1.9790493062608756,
    -3.2058529121121144,
    -3.6601335277710976,
    -1.8422548049110214,
    -3.681882414756442,
    -4.623678020621112,
    -1.5666143264540573,
    -2.3421647278119013,
    -3.5733564257233166,
    -4.3490779414361755,
    -1.632027779238411,
    -4.631950461173357,
    -3.590412106913915,
    -4.4919887363606135,
    -4.077328548081671,
    -3.7997009570214995,
    0.1952247884198651,
    -2.553678309419736,
    -1.9487465408392006,
    -3.1207575112681814,
    -1.1717992504275327,
    -3.7796319122262063,
    -3.14392620824977,
    -2.103283176859191,
    -1.9034054217412821,
    -3.5696555794033857,
    -3.4608641339141597,
    -3.9347368101533284,
    -2.795343952792727,
    -4.242468712993044,
    -3.46951026915043,
    -2.307689467446999,
    -2.1986083642543495,
    -3.096850327043761,
    -2.024240303420049,
    -4.323568140958628,
    -1.5752549629638213,
    -3.1903426337599745,
    -3.331869845718942,
    -4.156057706514011,
    -3.6192941969397943,
    -4.127585879361181,
    -3.5022788772609412,
    0.14019346543237057
  ],
  "training_reward": [
    -0.37148969484186545,
    -0.2692132342058587,
    -0.4261904175932756,
    -0.6138101592207557,
    -0.1874645083847158,
    -0.2105630519347697,
    -0.36242771741729324,
    -0.4092045912247977,
    -0.4537128025542355,
    -0.7342876198392235,
    -0.3496334534843868,
    -0.16436441963420484,
    -0.48736571475783436,
    -0.3421803522489908,
    -0.24702621055948476,
    -0.5871890968082637,
    -0.46303278272556847,
    -0.45733881815454935,
    -0.4063922718777573,
    -0.3675959551753401,
    -0.4149045019115829,
    -0.5140753428921636,
    -0.17183523997474995,
    -0.617358087230008,
    -0.4672155821606158,
    -0.6226073490976806,
    -0.3897789102546822,
    -0.6800169975756214,
    -0.3274367032949168,
    -0.504861901698945,
    -0.4170960586208243,
    -0.6143817487244676,
    0.026320852712554334,
    -0.36618574735176673,
    -0.3507413051608915,
    -0.06722117623035367,
    -0.5479295081063978,
    -0.16197445224058457,
    -0.40890227159125775,
    -0.3275954696229111,
    -0.4118205877698822,
    -0.17354544365533098,
    -0.3224273387639955,
    -0.35220376740605874,
    -0.394988600659753,
    -0.5306179012027039,
    -0.27583866825186737,
    -0.4521071965561788,
    -0.5534850194725991,
    -0.5296484526138678,
    -0.5013376576169553,
    -0.6435084610409201,
    -0.4274489369639441,
    -0.5586197671549917,
    -0.1473753959110227,
    -0.31069371728831224,
    -0.239984292415282,
    -0.4434195857517779,
    -0.5319851956387125,
    -0.21877735916707705,
    -0.5395260383846898,
    -0.7179864947136017,
    -0.16761706713900404,
    -0.3102892987706511,
    -0.5200325418611222,
    -0.6661063834003735,
    -0.1788458484210856,
    -0.7162760686667516,
    -0.5226497463119519,
    -0.6892138164888623,
    -0.6156845703948288,
    -0.5641556043069311,
    0.1263580322735045,
    -0.33830946569459613,
    -0.2419899306353057,
    -0.4346576556584828,
    -0.0983759984783401,
    -0.5540470617087259,
    -0.44015555215361885,
    -0.2636464827195501,
    -0.2302313201370174,
    -0.5226569981628338,
    -0.4956876125318346,
    -0.5875711859553253,
    -0.3906711083538149,
    -0.6369684193248393,
    -0.5033151081791633,
    -0.30058876475224927,
    -0.2747480105594782,
    -0.43281110545354234,
    -0.24768147030326446,
    -0.6527443510390463,
    -0.1778444653888583,
    -0.4529323031202273,
    -0.4773502575327231,
    -0.6272809951690976,
    -0.5301683391817876,
    -0.6204536835358954,
    -0.5111659963729769,
    0.11932461958837097
  ],
  "final_reward": [
    -0.5951716967708206,
    0.9799706618725668,
    -0.6819596460106355,
    -0.6514981209272308,
    0.9819265370347903,
    0.9748309748861217,
    0.041318831115428,
    0.9854191712530469,
    0.9511545913434143,
    -0.631280196331883,
    0.9064268146072993,
    0.9710221653596862,
    0.9082062198300742,
    0.9760736173764069,
    0.9640001323524547,
    -0.8104556905879242,
    -0.8704338464342212,
    -0.7766591371079623,
    -0.7261634942732027,
    0.9639707206958799,
    -0.11050946070417689,
    0.9687574678034274,
    0.9880809261730656,
    0.9210591137532584,
    0.9338458314491493,
    -0.88127907242768,
    0.9429634449873348,
    -0.909912095911412,
    0.974536858320374,
    0.9238973386127256,
    -0.6948027082865222,
    -0.702578259086028,
    0.9948309013569803,
    -0.7227069018128609,
    0.9720001029407981,
    0.9870809298495229,
    -0.8973407674599614,
    0.9914559137650232,
    0.11187937998288655,
    0.005835193794907267,
    0.09053506958065527,
    0.9806544828879307,
    0.024424701687762118,
    0.9437502068007102,
    0.8994121345142114,
    0.8829930772313337,
    0.9476546042110141,
    0.9568383939764928,
    -0.6346944977545705,
    0.8902945209760258,
    0.9260958599416915,
    0.8645446156447956,
    -0.7329942599602339,
    -0.9072657438499669,
    0.957978095668766,
    0.9818750666357845,
    0.982669181363304,
    0.9548678129859818,
    0.8772651571133931,
    0.9724045132187014,
    0.9195076488689382,
    -0.8650471662966016,
    0.9800221322715728,
    0.9822868298278318,
    0.9276987952250175,
    -0.9092503336384792,
    0.969838346182551,
    -0.7714599781445056,
    0.935919353237672,
    0.856353469288716,
    -0.7599133812596183,
    -0.7523502904698094,
    0.9949485479832796,
    0.9451987308870189,
    0.9215885235716046,
    0.926037036628542,
    0.9882279844559396,
    0.882257785816964,
    0.9639118973827303,
    0.944176675821045,
    0.9647721883375431,
    0.9194341197275011,
    0.9401252201278671,
    -0.8840314348041085,
    -0.736305458628359,
    0.893095981264775,
    -0.7723654470126171,
    0.9850882901165805,
    0.9727574530975989,
    0.9652133631861648,
    0.9728162764107486,
    0.9267135047297623,
    0.9462943150944298,
    0.13559957326962646,
    0.8803901456244647,
    -0.0037539847823275796,
    0.03224668155896393,
    -0.7651060612131688,
    0.913081201907346,
    0.9909044452042457
  ],