{
  "training_loss": [
    -489.0345008901855,
    -1149.5789926448338,
    -1272.1617662466506,
    -1311.3120939429857,
    -1493.8531398086548,
    -1591.4641919555663,
    -1553.5565533340186,
    -1505.0376230728223,
    -1615.1812601661682,
    -1056.9050655091207,
    -1298.6707854886777,
    -1580.6776496994664,
    -1517.8282191779024,
    -1613.6218778427333,
    -1594.1385987572683,
    -1675.9119414949312,
    -1551.05266115602,
    -1597.268861920301,
    -1680.8768835812891,
    -1766.864648651123
  ],
  "training_reward": [
    0.1890082792297828,
    0.31864522708332366,
    0.6426288259452981,
    0.43796791975433386,
    0.3948756301651289,
    0.09222660487557519,
    0.4805412406814093,
    0.5877790302249137,
    0.18434950534487596,
    0.9342754011698787,
    0.9776949205873584,
    0.444769611745519,
    0.7797017316532312,
    0.3788292259400805,
    0.6974899284424448,
    0.0909869039780021,
    0.820575972887515,
    0.5363444596456822,
    0.23423802035397215,
    0.49094472256463073
  ],
  "final_reward": [
    -0.49910211390483616,
    -0.2922376904484536,
    0.2990234789030035,
    -0.07184514193141267,
    -0.2725738942738083,
    -0.7492024359878123,
    -0.1475755034049403,
    0.20388117977553022,
    -0.6150933693065428,
    0.9495130243904764,
    0.9592210660128488,
    -0.0912639435963537,
    0.4776659475264027,
    -0.1504884362749468,
    0.5038768870987811,
    -0.6427202374602177,
    0.5640742441137743,
    0.1621344105293423,
    -0.4951483796509337,
    -0.07982466418722833
  ],
  "final_distance": [
    46.97890964283518,
    0,
    0,
    0,
    44.4340490462014,
    42.04285804216475,
    0,
    0,
    43.06081032154909,
    0,
    0,
    0,
    0,
    0,
    0,
    0,
    0,
    0,
    0,
    20.518798149594243
  ],
  "collisions": [
    1512,
    1331,
    722,
    1104,
    1281,
    1774,
    1182,
    820,
    1635,
    52,
    42,
    1124,
    538,
    1185,
    511,
    1692,
    449,
    863,
    1540,
    1098
  ],
  "successful_episodes": [
    1,
    2,
    3,
    6,
    7,
    9,
    10,
    11,
    12,
    13,
    14,
    15,
    16,
    17,
    18
  ]
}