{
  "training_loss": [
    2982.5967751346175,
    28870.080163722767,
    17215.133779683696,
    5141.542276334442,
    8810.498365049238
  ],
  "training_reward": [
    -4807.0454207137645,
    -4997.006201071798,
    -4997.006201072464,
    -4997.006201072464,
    -4997.006201072464
  ],
  "collisions": [
    9754,
    9991,
    9991,
    9991,
    9991
  ],
  "successful_episodes": []
}