{
  "training_loss": [
    8212621.676414297,
    32123355.062725917,
    18811126.80653355,
    24634211.78261977,
    10412650.937575754,
    33174.45340099382,
    25501650.357638188,
    410603.25232036307,
    6463663.8885501595,
    5651884.602280205,
    5322553.974466034,
    5600451.512542457,
    6167168.993914172,
    7184845.934287481,
    8185347.373192881,
    5393831.807898248,
    7228922.379764126,
    14790575.644153284,
    9574263.230656411,
    790848.8469719941
  ],
  "training_reward": [
    -4248.7319701547785,
    -13769.50415749566,
    -8099.11741069282,
    -9813.941265657282,
    -4778.915538671137,
    -17718.845979588947,
    -9841.909674651155,
    -18757.57630715748,
    -19721.520818760255,
    -19957.171562949006,
    -19879.492535559242,
    -20062.87574736008,
    -19879.475747638175,
    -19913.295745501502,
    -19921.96074830914,
    -19879.475747265995,
    -19881.920796322458,
    -19879.475745616437,
    -19879.47574658876,
    -19946.30074579759
  ],
  "final_reward": [
    -5960.996137352831,
    -23164.06285971769,
    -14440.609702334174,
    -17240.3290450032,
    -6662.592395832182,
    -36705.97694997106,
    -15001.317703731234,
    -36381.33032481783,
    -39375.25,
    -39645.25,
    -39565.25,
    -39805.25,
    -39565.25,
    -39645.25,
    -39665.25,
    -39565.25,
    -39575.25,
    -39565.25,
    -39565.25,
    -39655.25
  ],
  "collisions": [
    220,
    951,
    529,
    736,
    281,
    1426,
    708,
    1633,
    1888,
    1915,
    1907,
    1931,
    1907,
    1915,
    1917,
    1907,
    1908,
    1907,
    1907,
    1916
  ],
  "successful_episodes": [
    0,
    1,
    2,
    3,
    4,
    6
  ]
}