{
  "training_loss": [
    1121730942.6487715,
    -237.32894825439453,
    -877.3813939156056
  ],
  "training_reward": [
    -424.14166646607265,
    -5.431388937863284,
    -2358.0498147751787
  ],
  "successful_episodes": []
}