{
  "training_loss": [
    102301433010.57988,
    34206322.06047117,
    38042247.15659506,
    22930415.545682926,
    13546809.844167002,
    7802992.930236982,
    3880069.1153785605,
    1158249.3474371068,
    349131.0753003111,
    128113.53009633868
  ],
  "training_reward": [
    -140.73969909709055,
    -0.9810359547793764,
    -0.9817092003600664,
    -0.9828691329838539,
    -0.9846303927256361,
    -0.9872656066779175,
    -0.9901037082885709,
    -0.9921013142966053,
    -0.9932886650162843,
    -0.9942109831895131
  ],
  "successful_episodes": []
}