{
  "training_loss": [
    -46.60762374513707,
    -39.82207329693963,
    -43.300781113070414,
    -27.689286015973153,
    -0.008132452624531444,
    -22.514391878172756,
    -21.467982498295896,
    -23.54923326418118,
    -25.156793340697494,
    -12.68273809037544,
    -19.099460791017606,
    -20.95706259165332,
    -16.078305151463486,
    -15.014394289517774,
    -12.798840456902981,
    -10.893694993788376,
    -5.481570235412568,
    -7.325682892898097,
    -3.6099695606268942,
    0.7729645090792329,
    -1.798381887152791,
    -0.7642444727206603,
    -3.1164219118971377,
    -4.480512496454641,
    3.2882917716186495,
    -3.77862043791078,
    -2.759237427625805,
    1.99129322809726,
    1.196674745425582,
    -3.265153048371896,
    -3.2744237714130433,
    -0.9918101514540613,
    -1.1633779806382953,
    1.057180841622874,
    4.530830653648358,
    0.34805618262290955,
    -0.4099393679080531,
    -1.180896441079676,
    -0.5382356521580368,
    -0.41085332906991245,
    -1.0452293021027,
    0.010124303526245057,
    0.8386088655320928,
    0.07910925134271383,
    0.5513708214228973,
    -0.21889145872555674,
    -0.7106901369709522,
    0.9408477837257088,
    0.1846906922440976,
    5.332985765292309,
    -1.043316972469911,
    1.8475635882299393,
    -0.7442056877594441,
    0.900918498557061,
    0.5327151675177738,
    -0.36993828549329194,
    0.292830631678924,
    1.236333667980507,
    0.601936348920688,
    5.033857405425049,
    -0.5327645431328565,
    0.1445062237335369,
    4.969572445623577,
    0.41388232401944697,
    0.22781461686547846,
    6.405714770242273,
    1.4189280724413693,
    0.4990981224514544,
    0.08879847973491997,
    -0.15637734212633222,
    0.9885576018327847,
    0.05016156724933535,
    4.344000438444317,
    0.604424064733088,
    -0.6152048836033791,
    -0.10409238671045751,
    -0.21097877287026495,
    1.736958270889707,
    -0.32292433329019693,
    -0.47785845360159873,
    0.5005944580491632,
    -0.39060225188173353,
    4.875751707040938,
    0.9414902395736426,
    -0.024499641021713616,
    -0.4337260788213462,
    4.37674441421032,
    -0.1424720758739859,
    0.2702575265532359,
    2.7050736469794066,
    0.29293022109847516,
    1.7736218977072276,
    0.8225108831170946,
    2.609862929906696,
    3.1051605954458936,
    5.066558271039277,
    5.119268362242025,
    3.311060698505491,
    1.8872507097888738,
    -0.25547683810815214
  ],
  "training_reward": [
    0.05391589270345597,
    0.18873120329147122,
    -0.014953668369196906,
    -0.02502795836077866,
    -0.06332521375897568,
    -0.04779179085435041,
    -0.00643947463400435,
    -0.37519333031146757,
    -0.21360080624295102,
    -0.36633581690372935,
    -0.04714194378334506,
    0.1263027393911103,
    -0.015528407741333357,
    0.09820872668966758,
    0.10777606763821553,
    0.09174526168738631,
    -0.14393825700293988,
    0.03273172404120482,
    -0.13928119111451448,
    -0.3618959146552354,
    -0.17353376075312996,
    -0.20983682520225364,
    -0.01821227508512775,
    0.10420194454121486,
    -0.4033095412267951,
    0.09383846181214403,
    0.03734173499064297,
    -0.2821243013112673,
    -0.213399050931024,
    0.10074913511806406,
    0.1081117573055416,
    -0.046234432717813786,
    -0.030039915947326804,
    -0.1760421194171633,
    -0.4144400730176619,
    -0.12569845608794622,
    -0.07184347107188183,
    -0.016112871367508986,
    -0.06099407574052864,
    -0.0671890049159808,
    -0.02299585712124147,
    -0.0976404278674049,
    -0.1529289135515936,
    -0.0955294607963908,
    -0.13291484093524533,
    -0.07963605062940045,
    -0.041484370469512824,
    -0.15913076261069292,
    -0.10713894026914682,
    -0.45482004548596333,
    -0.019181218153200747,
    -0.2209828629461379,
    -0.0391883393484076,
    -0.15161564701455127,
    -0.12873963966680474,
    -0.06679137839510181,
    -0.11468051646101637,
    -0.1792214599458093,
    -0.13651561973921852,
    -0.43547312077341155,
    -0.05492406103786527,
    -0.10294990065303379,
    -0.42961144817502844,
    -0.12200861291417806,
    -0.10811424677086105,
    -0.5260544319060944,
    -0.1907454663212744,
    -0.12792654956691835,
    -0.10055154659064305,
    -0.08413485942956535,
    -0.16152955948202355,
    -0.09653250433343077,
    -0.38949074757402075,
    -0.13565104042430934,
    -0.049880081721840254,
    -0.0856840175263669,
    -0.0764156055559496,
    -0.21046001497358657,
    -0.06972553470348772,
    -0.05842636522865243,
    -0.12681652689924625,
    -0.06692207035121776,
    -0.42913503056924934,
    -0.15638087630273603,
    -0.09115612000063204,
    -0.06111324568949588,
    -0.3930841493427216,
    -0.08384016629774282,
    -0.11199394716021378,
    -0.27516372279767787,
    -0.11316710443414112,
    -0.21325489873364892,
    -0.1500546496098684,
    -0.27043841365489174,
    -0.3054832081981257,
    -0.4368561299584463,
    -0.4447969447440908,
    -0.31836738676584897,
    -0.2222669828769303,
    -0.07368110752232868
  ],
  "final_reward": [
    0.9877279862941681,
    0.9915809133054658,
    0.9920441468965189,
    0.9809044819688164,
    0.9865662258594641,
    0.9826471226208726,
    0.9777794934577448,
    -0.6231705022062988,
    0.9435590310329742,
    -0.643391788518415,
    0.9839191767677327,
    0.1575534869896973,
    0.09980799434319576,
    0.11625422929473084,
    0.14069039728661115,
    0.16924705802110296,
    -0.6039047667228339,
    -0.6147503311076387,
    -0.5978023285860621,
    -0.6378771656869158,
    -0.665487657436522,
    0.11181371787482397,
    0.16097434763048257,
    0.1329527702624549,
    -0.6355232873885768,
    0.11427999913981024,
    -0.5831985387863834,
    -0.6110375612629213,
    -0.5907440661770829,
    0.1511326210290469,
    0.12328198589955819,
    -0.5797330305138055,
    0.12631684794531628,
    -0.5663620972537527,
    -0.6283910915002121,
    -0.5999846718629609,
    0.12366046139754783,
    0.15281160238214375,
    0.12942758393734066,
    0.11568719091578172,
    0.12202913734537835,
    0.09456945537520145,
    -0.5735375343418418,
    -0.5523962689736535,
    0.08164351413494408,
    0.14162646605760232,
    0.15479449013475488,
    -0.6345012815641888,
    0.07326059304945565,
    -0.634053941328288,
    0.12438256217613963,
    -0.5942764826620848,
    -0.5852116519763915,
    -0.581920942664852,
    0.1642705467583876,
    0.13030629499079294,
    0.06952761954274811,
    0.06844277323981185,
    -0.6164978564044994,
    -0.6287596601163061,
    -0.5414122229823433,
    0.15725409210170738,
    -0.6334650824800785,
    0.07104501484363279,
    0.15576578471404323,
    -0.6502299906107056,
    -0.591261754996677,
    0.061013453684051644,
    0.09424802063515214,
    0.1534852164981826,
    -0.6751824354204611,
    0.138790568948995,
    -0.6194939037668699,
    0.05907048216614119,
    0.18029515994310508,
    0.17225580550441433,
    0.1790486449049946,
    -0.5880233014781379,
    0.13331557980123354,
    0.12213756897778794,
    0.17809081290965523,
    0.12814067487939318,
    -0.6330970184220536,
    -0.6007414973627552,
    0.1354799593473881,
    0.12188791953324918,
    -0.618465140685022,
    0.1668377307930362,
    0.06639469337211379,
    -0.602288594236823,
    0.13307151050946908,
    -0.570705150446492,
    0.061288270420635005,
    -0.5968467696392471,
    -0.607220811799547,
    -0.6280974581436298,
    -0.6347882121404079,
    -0.6114055582996107,
    -0.5942029623367634,
    0.15777867731244766
  ],