{
  "training_loss": [
    10.781423372194403,
    -3.8191925624618306,
    -7.396170047741383,
    -7.651171282436699,
    -4.679665502555668,
    -3.783822252098471,
    -2.408782511070371,
    0.059471711726859215,
    1.0557724853605033,
    1.6177391607984901,
    2.2122266954146323,
    3.9738247211631386,
    4.612283300805837,
    5.508346833011135,
    5.93264984110929,
    4.6949459879715,
    2.0016962463576347,
    6.6963522874545305,
    6.950843256730586,
    7.684856563363224,
    6.736231928437948,
    7.000295910347253,
    8.4515339143835,
    8.302903498141095,
    7.446744039839134,
    7.682747705223039,
    7.349570098008961,
    7.975393847605213,
    6.944353869428858,
    7.900643018454313,
    7.72245561087504,
    8.201086574370041,
    7.197916007680819,
    8.734952848684042,
    7.975725134458393,
    8.988402998024597,
    9.00402377300337,
    8.625664286613464,
    8.744828611610457,
    8.139906613135711,
    7.275576748037711,
    8.997264987682923,
    7.672196414288133,
    7.82351311054267,
    8.586129838971422,
    8.010746602237225,
    8.49041451749392,
    8.090089682484045,
    7.236194628728554,
    8.439193870881573,
    7.676981628112495,
    7.176048102907837,
    8.231407188482583,
    7.928126046344638,
    7.4988426865730435,
    8.757509133176878,
    8.24681984508224,
    9.054416113587097,
    8.012664642728865,
    7.6570793628897516,
    8.626005064176395,
    8.16861342664063,
    9.090021667243914,
    7.423868711555377,
    8.718187769725919,
    6.934913586607203,
    8.206465096581727,
    7.129236239587888,
    8.316955724835395,
    7.398398619331419,
    9.061620096480475,
    7.404438282575458,
    9.145962822275235,
    7.95358833707869,
    8.976701861904933,
    8.169136254528537,
    8.53862898787856,
    9.031178165603428,
    8.281081620037556,
    8.313751311236992,
    7.846125090342015,
    7.702586385333911,
    7.604879047550261,
    7.0431294332332905,
    8.786075773004443,
    8.311088605735451,
    7.760054907973855,
    8.124418277492747,
    8.314746714938432,
    8.02431027500704,
    8.444393795726821,
    8.339751767627895,
    8.39679938544333,
    7.760767070705071,
    8.566133686248213,
    7.113744130218402,
    8.213315516289324,
    8.880674999414012,
    9.043429767329245,
    7.569447634631768
  ],
  "training_reward": [
    -0.6390013644817554,
    -0.6794483998088097,
    -0.6973781915532059,
    -0.6542862094894445,
    -0.7006777104652571,
    -0.6503666376200711,
    -0.619463339813939,
    -0.6731467268472928,
    -0.6429875912135861,
    -0.6021099310764695,
    -0.5736362138879937,
    -0.6337304172167142,
    -0.6293810521722808,
    -0.6499887327643541,
    -0.6461704412427889,
    -0.5348886031814974,
    -0.33499317355810027,
    -0.6285657436424145,
    -0.6291614380854949,
    -0.6658680715622668,
    -0.5957122530552883,
    -0.6037991393308557,
    -0.6937983169076979,
    -0.6769182581353325,
    -0.6162495188461998,
    -0.6280592807272304,
    -0.6035973415764595,
    -0.6408901289925382,
    -0.5732958689565847,
    -0.6337130018322306,
    -0.6194279135920863,
    -0.6500964062233928,
    -0.5845021864830394,
    -0.6846502568033664,
    -0.6340221957988735,
    -0.700781332384035,
    -0.7002653584713994,
    -0.6761207285810438,
    -0.6835468160865914,
    -0.6426834623169297,
    -0.5869266511059663,
    -0.7002948644334119,
    -0.6120777216548051,
    -0.6226728515328325,
    -0.6726588097238163,
    -0.6326473854817989,
    -0.6656909613277483,
    -0.6390546352472171,
    -0.5837398591935038,
    -0.6615516879018786,
    -0.6127623080096659,
    -0.5803557663685424,
    -0.6480797607081292,
    -0.6286851653896118,
    -0.6010466443177918,
    -0.6833284455349358,
    -0.6496563854290727,
    -0.7028894890568312,
    -0.6339418540687664,
    -0.6109798489367372,
    -0.6744625526539816,
    -0.6433929719022144,
    -0.7063806917268499,
    -0.5958526882495019,
    -0.6806381966070808,
    -0.5656410229153741,
    -0.6462166302241951,
    -0.5781122089763985,
    -0.6539524504159231,
    -0.5945661264460521,
    -0.7042630868139711,
    -0.5947075920365251,
    -0.7085167118657897,
    -0.6310881474925794,
    -0.6983479717479825,
    -0.6443410104543575,
    -0.6699669217864296,
    -0.7020217083566638,
    -0.6510595570986653,
    -0.653918345176605,
    -0.623575996076125,
    -0.6146961007579198,
    -0.6080077619293464,
    -0.5713395551983074,
    -0.6861996105971464,
    -0.6533875128040492,
    -0.6181883025718017,
    -0.6408111418505005,
    -0.6538707402082382,
    -0.6352171802433335,
    -0.6651611914466734,
    -0.6538658422504855,
    -0.6597372404412789,
    -0.618490575280247,
    -0.6700293274105016,
    -0.5773197585482162,
    -0.6483774734667548,
    -0.6922416534980674,
    -0.703413064601197,
    -0.6056976027172348
  ],
  "final_reward": [
    -0.7971432895875836,
    -0.8092690835695456,
    -0.8115575370073949,
    -0.7951394041883529,
    -0.791939881264993,
    -0.7728341444671404,
    -0.7632501011538216,
    -0.7297621719882614,
    -0.7745867688498387,
    -0.7973910701969602,
    -0.7917691479075444,
    -0.7985577821569741,
    -0.7490299695083669,
    -0.7547503104886132,
    -0.7299589131892164,
    -0.7492886457438054,
    -0.6479009420859143,
    -0.7815973635642723,
    -0.8011752993286672,
    -0.8069161510435623,
    -0.7234743795308454,
    -0.7411330113630933,
    -0.7938643625644395,
    -0.7631338658316678,
    -0.7520178637922892,
    -0.7720560400343144,
    -0.7185317364540245,
    -0.7911830273005372,
    -0.6835453008176252,
    -0.8028720482645284,
    -0.750046025618961,
    -0.799387867871616,
    -0.6755869992621966,
    -0.8099342548501317,
    -0.7788372575386526,
    -0.8126551137667926,
    -0.7950217861037907,
    -0.7815793512980864,
    -0.8097140038512538,
    -0.8028757314377739,
    -0.6652903081515134,
    -0.8125820172618154,
    -0.7083257600707278,
    -0.6983926753091497,
    -0.8029544635125285,
    -0.7933541750922456,
    -0.8066994600202053,
    -0.803901456244646,
    -0.706766655611639,
    -0.8060377369997751,
    -0.7439309467539492,
    -0.6784113504178679,
    -0.8038279271032092,
    -0.803901456244646,
    -0.7495214793955658,
    -0.7783075587202272,
    -0.7923045970806507,
    -0.8130229916353975,
    -0.7224804098981485,
    -0.7382235779890419,
    -0.8083132047308649,
    -0.8025155131679537,
    -0.8136114442885701,
    -0.702217927925032,
    -0.8091996521463244,
    -0.6758773925619159,
    -0.8047102768004528,
    -0.6717440867876863,
    -0.804714156826036,
    -0.669565727220449,
    -0.8132438504928052,
    -0.6673418135375344,
    -0.8130903823601452,
    -0.7743239237765743,
    -0.8122135043650179,
    -0.8047838059418899,
    -0.7526901645938046,
    -0.7999510627729074,
    -0.8046367476590159,
    -0.8026579852604645,
    -0.7680807135305371,
    -0.7429768716262803,
    -0.7463232333530907,
    -0.6827676276260464,
    -0.7333610677636023,
    -0.8043332211088456,
    -0.7554146752833799,
    -0.8047838059418899,
    -0.8047102768004528,
    -0.7690286894503682,
    -0.7694867629090872,
    -0.8047102768004528,
    -0.7428002890697532,
    -0.7015231470850319,
    -0.7921154145390755,
    -0.672751231249747,
    -0.8047838059418899,
    -0.787676860821915,
    -0.8130960414217916,
    -0.7454955603421769
  ],